aaa,1111,홍길동,Toke,93922 Westport Drive,800000000
bbb,2222,유관순,Jayume,9839 Union Hill,600000000
ccc,3333,이순신,Vallentine,29 East Pass,700000000
pdurgan3,5225,Phelia,Durgan,41 Main Point,500000000
ahaile4,7193,Atalanta,Haile,21816 Pine View Parkway,700000000
mlavies5,3779,Melva,Lavies,26 Mariners Cove Crossing,600000000
rshorten6,8009,Rakel,Shorten,3081 Bay Alley,900000000
jbarnhart7,6052,Jillene,Barnhart,44596 Jay Avenue,500000000
valstead8,3015,Valina,Alstead,57 Oriole Street,600000000
kkember9,2017,Katya,Kember,5171 Havey Way,800000000
ggrovena,4529,Gallagher,Groven,69512 Sloan Pass,1000000000
mpezeyb,2377,Myer,Pezey,06 Dorton Junction,600000000
jeykelboschc,8645,Jonis,Eykelbosch,876 Grover Alley,900000000
bdunlopd,3003,Bryana,Dunlop,9441 Waxwing Place,1000000000
cmicallefe,3705,Carola,Micallef,59903 Holy Cross Crossing,700000000
mlaudhamf,8529,Melesa,Laudham,44 Old Gate Hill,500000000
byakuting,3420,Bettina,Yakutin,1928 Mosinee Point,500000000
catwaterh,5237,Chrisy,Atwater,08 Arkansas Trail,1000000000
mhardagei,2895,Melany,Hardage,5 Village Green Alley,1000000000
bsykoraj,9623,Beverley,Sykora,5 Johnson Plaza,800000000
