로지텍 로지텍G G304 LIGHTSPEED WIRELESS,37990,4.85,1.7,1113
로지텍 LIFT 무선 마우스,69510,4.86,1.8,1055
지클릭커 쓸떼많은 다쿠아즈 무소음 무선 블루투스 마우스,14900,4.7,158.0,535
로지텍 M331 무소음,22400,4.87,1.8,419
프리플로우 싸이록스 V8 8K 무선 마우스,79900,4.9,19.0,9
로지텍 MX MASTER 3S,110430,4.85,1.4,842
앱코 WEM60 인체공학 무선 버티컬 마우스,25900,4.83,15.0,532
로지텍 G PRO 지슈라2 지프로 슈퍼라이트2 무선 게이밍 마우스 XSUPERLIGHT2,199000,4.96,38.0,1550
지클릭커 버티컬 도톰쉬폰 무소음 인체공학 블루투스 무선 마우스 OP50,19800,4.75,26.0,198
지클릭커 오피스프로 휠마스터 무소음 무선 마우스,39800,4.69,51.0,216
로지텍 로지텍G PRO X SUPERLIGHT 2 게이밍 마우스,179100,4.92,405.0,1782
로지텍 시그니처 M650,37490,4.84,797.0,294
로지텍 로지텍G G304 LIGHTSPEED WIRELESS (벌크),34900,4.78,365.0,19
로지텍 페블 M350 마우스,19260,4.86,1.5,680
로지텍G G304 LIGHTSPEED 게이밍 마우스,15350,4.15,69.0,354
로지텍 MX Anywhere 3S,83890,4.88,279.0,221
로지텍 로지텍G G703 HERO WIRELESS,69980,4.84,145.0,174
RAZER DeathAdder V2 Pro,69880,4.88,220.0,352
RAZER 데스에더 V3 프로,143700,4.91,100.0,171
로지텍 M720 Triathlon,36700,4.84,246.0,302
(로지텍 정품) 지슈라 G PRO X SUPERLIGHT 벌크 무선게이밍 마우스,132790,4.86,47.0,561
지클릭커 슈퍼히어로 SPG10 아쿠아푸딩 투명 블루투스 무선 마우스,22400,4.67,2.0,17
한성컴퓨터 VM100 V2 OfficeMaster 듀얼무선,20610,4.72,161.0,208
로지텍 M240 Silent bluetooth,17350,4.85,228.0,230
로지텍 MX VERTICAL,96660,4.83,462.0,290
지클릭커 슈퍼히어로 OP95 벤투스 무선 블루투스 게이밍 커스텀마우스,31030,4.88,4.0,41
로지텍 로지텍G PRO WIRELESS,82080,4.84,135.0,116
지클릭커 슈퍼히어로 OP100 르캄프 초경량 4K 게이밍 마우스,46900,4.9,2.0,29
RAZER Viper V3 Pro,219000,4.91,89.0,46
로지텍 M170 Wireless Mouse,8600,4.81,511.0,210
아이리버 EQWEAR-MVM7,24750,4.81,154.0,158
제닉스크리에이티브 STORMX VM3 무선 버티컬마우스,34800,4.74,1.0,2209
로지텍 PEBBLE M350S,24710,4.87,178.0,80
로지텍 로지텍G G502 X PLUS,158900,4.87,225.0,169
RAZER 오로치 v2,57430,4.84,126.0,89
한성컴퓨터 BM100 듀얼 무선 무소음마우스,15210,4.83,496.0,202
아이리버 EQWEAR-EV3 무선 버티컬 마우스,29990,4.74,677.0,247
아이리버 EQwear-V10 무소음 무선 마우스,12990,4.79,976.0,73
삼성전자 삼성 SM-M1300Q,39900,4.74,483.0,322
